{
    "name": "Global Information",
    "numberOfRequests": {
        "total": 93750,
        "ok": 71264,
        "ko": 22486
    },
    "minResponseTime": {
        "total": 20,
        "ok": 20,
        "ko": 14815
    },
    "maxResponseTime": {
        "total": 116896,
        "ok": 116895,
        "ko": 116896
    },
    "meanResponseTime": {
        "total": 44084,
        "ok": 35608,
        "ko": 70947
    },
    "standardDeviation": {
        "total": 36041,
        "ok": 33220,
        "ko": 31125
    },
    "percentiles1": {
        "total": 37765,
        "ok": 26634,
        "ko": 73729
    },
    "percentiles2": {
        "total": 73499,
        "ok": 59681,
        "ko": 103392
    },
    "percentiles3": {
        "total": 111042,
        "ok": 100381,
        "ko": 114825
    },
    "percentiles4": {
        "total": 115543,
        "ok": 114615,
        "ko": 116065
    },
    "group1": {
    "name": "t < 800 ms",
    "count": 10659,
    "percentage": 11
},
    "group2": {
    "name": "800 ms < t < 1200 ms",
    "count": 595,
    "percentage": 1
},
    "group3": {
    "name": "t > 1200 ms",
    "count": 60010,
    "percentage": 64
},
    "group4": {
    "name": "failed",
    "count": 22486,
    "percentage": 24
},
    "meanNumberOfRequestsPerSecond": {
        "total": 357.82442748091603,
        "ok": 272.0,
        "ko": 85.82442748091603
    }
}