{
    "name": "Global Information",
    "numberOfRequests": {
        "total": 79800,
        "ok": 74822,
        "ko": 4978
    },
    "minResponseTime": {
        "total": 25,
        "ok": 25,
        "ko": 3076
    },
    "maxResponseTime": {
        "total": 27583,
        "ok": 27583,
        "ko": 27295
    },
    "meanResponseTime": {
        "total": 3851,
        "ok": 3311,
        "ko": 11958
    },
    "standardDeviation": {
        "total": 6748,
        "ok": 6455,
        "ko": 5803
    },
    "percentiles1": {
        "total": 461,
        "ok": 396,
        "ko": 10257
    },
    "percentiles2": {
        "total": 3326,
        "ok": 1729,
        "ko": 17951
    },
    "percentiles3": {
        "total": 20116,
        "ok": 20046,
        "ko": 20919
    },
    "percentiles4": {
        "total": 22425,
        "ok": 22139,
        "ko": 25382
    },
    "group1": {
    "name": "t < 800 ms",
    "count": 45787,
    "percentage": 57
},
    "group2": {
    "name": "800 ms < t < 1200 ms",
    "count": 5590,
    "percentage": 7
},
    "group3": {
    "name": "t > 1200 ms",
    "count": 23445,
    "percentage": 29
},
    "group4": {
    "name": "failed",
    "count": 4978,
    "percentage": 6
},
    "meanNumberOfRequestsPerSecond": {
        "total": 378.1990521327014,
        "ok": 354.60663507109007,
        "ko": 23.592417061611375
    }
}